id,name,model_id:id,group_id:id,perm_read,perm_write,perm_create,perm_unlink
access_association_membership_type_staff,association.membership.type.staff,model_association_membership_type,group_membership_staff,1,0,0,0
access_association_membership_type_manager,association.membership.type.manager,model_association_membership_type,group_membership_manager,1,0,0,0
access_association_membership_type_admin,association.membership.type.admin,model_association_membership_type,group_membership_admin,1,1,1,1
access_association_membership_application_staff,association.membership.application.staff,model_association_membership_application,group_membership_staff,1,1,1,0
access_association_membership_application_manager,association.membership.application.manager,model_association_membership_application,group_membership_manager,1,1,1,1
access_association_membership_application_admin,association.membership.application.admin,model_association_membership_application,group_membership_admin,1,1,1,1
access_association_member_staff,association.member.staff,model_association_member,group_membership_staff,1,1,0,0
access_association_member_manager,association.member.manager,model_association_member,group_membership_manager,1,1,1,0
access_association_member_admin,association.member.admin,model_association_member,group_membership_admin,1,1,1,1
access_association_membership_staff,association.membership.staff,model_association_membership,group_membership_staff,1,1,0,0
access_association_membership_manager,association.membership.manager,model_association_membership,group_membership_manager,1,1,1,0
access_association_membership_admin,association.membership.admin,model_association_membership,group_membership_admin,1,1,1,1
access_association_membership_payment_staff,association.membership.payment.staff,model_association_membership_payment,group_membership_staff,1,1,1,0
access_association_membership_payment_manager,association.membership.payment.manager,model_association_membership_payment,group_membership_manager,1,1,1,1
access_association_membership_payment_admin,association.membership.payment.admin,model_association_membership_payment,group_membership_admin,1,1,1,1
access_association_member_portal,association.member.portal,model_association_member,base.group_portal,1,0,0,0
access_association_membership_portal,association.membership.portal,model_association_membership,base.group_portal,1,0,0,0
access_association_membership_payment_portal,association.membership.payment.portal,model_association_membership_payment,base.group_portal,1,0,0,0
